S.No,Mar20_Total,Mar20_Operative,Mar21_Total,Mar21_Operative,Mar22_Total,Mar22_Operative,Mar23_Total,Mar23_Operative,Mar24_Total,Mar24_Operative,Jan25_Total,Jan25_Operative,Mar20_Op_Rate,Mar21_Op_Rate,Mar22_Op_Rate,Mar23_Op_Rate,Mar24_Op_Rate,Jan25_Op_Rate,CAGR_2020_25,Growth_2024_25,Growth_Mar20_Mar21,Growth_Mar21_Mar22,Growth_Mar22_Mar23,Growth_Mar23_Mar24,Growth_Mar24_Jan25,State_Name_Std,Rural_Beneficiaries,Urban_Beneficiaries,Total_Beneficiaries,Balance_Rupees,RuPay_Cards,Rural_Percent,RuPay_Penetration,Avg_Balance_Rs,Rural_Urban_Ratio,Population,Households,Literacy_Rate,Rural_HH_Percent,Internet_Penetration,Phone_Penetration,Account_Density_Per_Lakh,Operative_Mean,Operative_Std,Operative_Trend,Growth_Operative_Interaction,Account_Density_Squared,Region_Central,Region_East,Region_North,Region_Northeast,Region_South,Region_West,High_Balance_Flag
0.8857142857142857,3.875621721060162,3.7660034694707987,4.35264113002109,4.214454344680527,4.623723634776373,4.526244360488574,4.673606805565568,4.801861727185362,4.735696543016729,4.798704974877928,4.719752186588921,4.627376169092075,0.5487165332597295,0.693294601791334,0.7149425287356319,0.6417212347988777,0.6205328135152695,0.5129999999999999,1.275203577030685,0.24516142538706373,1.5123918500788973,1.0181561151341016,0.21741275080228092,-0.2692337191312504,0.24516142538706373,UTTAR PRADESH,5.0196624273787815,3.1269602011112547,4.655605332764214,4.840009944460481,4.541235559811881,0.7708307991728501,0.7069294342021615,0.19382568032101533,0.4879948085658662,3.0220882776394853,2.2469756717541394,0.20159857904085254,0.8583710932961542,0.04529370134465677,0.5207034728406056,1.5331140503673426,-0.11707317073170621,-0.3404825737265415,0.04200913242009132,0.0012576781122356367,2.3504386914337587,True,False,False,False,False,False,1
0.4857142857142857,-0.2922599986373237,-0.2919923757308376,-0.30150244412836985,-0.2923615870839997,-0.3090089949646905,-0.2991967134944797,-0.31579554466152404,-0.30869245698995645,-0.33134340648029975,-0.3165734909065176,-0.3354331528529779,-0.3146503697200932,0.7369583218327351,0.7927862503025902,0.8216091954022986,0.8207047084502652,0.8261858349577651,0.8373333333333335,0.9153095158452633,1.8105502564058145,-0.633351815025655,-0.8888205738520979,1.474421300721242,1.1971078670385242,1.8105502564058145,PUDUCHERRY,-0.34768774666379054,-0.4870314076465333,-0.41016008442592367,-0.3740279607359877,-0.435608580150833,0.5079674005595426,0.5588048315321044,-0.5006481354492482,-0.563919532770928,0.0,0.0,0.5029603315571345,0.7448588358313,0.07572540693559804,0.5017809439002671,0.0,1.0985365853658555,-1.187667560321716,0.5081278538812786,0.015160340813638023,0.0,False,False,False,False,True,False,1
0.2,-0.23734414389861688,-0.2315122181054976,-0.24545915281115635,-0.23669179803518392,-0.25556923940324566,-0.2440303708322635,-0.2654458943118737,-0.2527652678588253,-0.28336558387198596,-0.2714952940343925,-0.2899833402748855,-0.27845494141877974,0.8134142975434719,0.7528443476155897,0.8206896551724137,0.8428437792329282,0.5194931773879141,0.21833333333333327,-1.3766474001250564,-0.3554367383507427,-0.26717227409074723,-0.805908543896176,-0.9282424011681517,-1.1365591679720957,-0.3554367383507427,MANIPUR,-0.307477677617076,-0.4490591868332862,-0.36805270863312484,-0.3560888573687914,-0.39609421529333116,0.6418927137817785,0.5982199618563255,-2.092840425955502,-0.17845554834523047,-0.3934728066037466,-0.3822035765675104,0.485198342214328,0.7230161496456372,0.07572540693559804,0.4993321460373997,0.39267134263882797,0.24585365853658636,2.5120643431635394,-2.1914155251141554,-0.0007760368787324547,0.15419078332977984,False,False,False,True,False,False,0
0.6,1.5297744770729713,1.6163878954018804,1.6025307763990386,1.6786231056279035,1.6373330007638704,1.7280196603455233,1.595068848677096,1.783903974071492,1.5877694978522514,1.7200835043521336,1.5555497709287798,1.6760306580680016,0.7101849296163398,0.8317598644396029,0.8383908045977011,0.810414717804802,0.751137102014295,0.7063333333333333,-0.04314519446959774,-0.023190945644722075,0.2358968148572099,0.3743685884175332,-0.4614146943839379,-0.5084241906341215,-0.023190945644722075,RAJASTHAN,1.4241249781298906,1.2682944598483095,1.4765788375896418,1.6495075880238605,1.5986557190734458,0.6697482058143779,0.9148124602670054,0.3894254378785405,-0.06748864373783264,0.7457492114989751,0.6479926166416933,0.15985790408525768,0.8201463924712442,0.038216560509554146,0.5289403383793411,1.9686336329361849,0.9307317073170752,-0.2975871313672921,-0.06904109589041098,-0.0001638053794038869,3.8755183807275215,False,False,True,False,False,False,1
-0.6,-0.2904885194522041,-0.2916497119482578,-0.2988212598296467,-0.2905338511918361,-0.3060158697990553,-0.29758280453361696,-0.3138346189892582,-0.3095215662627899,-0.3304650939382711,-0.31869648290991437,-0.3355893377759267,-0.3182969240638822,0.4695004140215291,0.654320987654321,0.6032183908045974,0.26691612098534456,0.21377517868745932,0.1200000000000001,-0.4636529922757223,-0.12755020104597217,0.6636766523979899,-0.3165649945484812,-0.6776972557839634,-0.918167867904257,-0.12755020104597217,DAMAN & DIU,0.0,0.0,0.0,0.0,0.0,0.6847098893078702,0.7139224411951686,0.0,0.0,0.0,0.0,0.5029603315571345,0.7448588358313,0.07572540693559804,0.5017809439002671,0.0,-1.6019512195121939,1.954423592493298,-1.7216438356164385,-0.00015306024125516675,0.0,True,False,False,False,False,False,0
-0.14285714285714285,0.710465353955168,0.7002762726747049,0.6845848251508166,0.695910440941284,0.6796576613091805,0.6543300443824964,0.6982913993223272,0.6401100454125761,0.7115429481109419,0.7141391267426226,0.7018950437317785,0.7138805415808488,0.584598399116754,0.7637375938029534,0.6891954022988505,0.43405051449953236,0.5698505523066928,0.5516666666666667,-0.06587534570236109,0.1940466880476759,-0.8557973305468606,0.03621756428357789,0.5536143561468753,0.0219546809592012,0.1940466880476759,KARNATAKA,0.5412467475531688,0.6523302077521311,0.63510892155302,0.6835917867352814,0.5083507334320666,0.5956696265661112,0.5336935791481245,0.10716576783036166,-0.33419857235561334,0.6164991036596221,0.6437507049559322,0.47631734754292476,0.6508655745323573,0.2009907997169144,0.601513802315227,0.0,-0.24585365853658359,0.6139410187667563,-0.3678538812785388,0.001070490895729679,0.0,False,False,False,False,True,False,1
-0.6571428571428571,0.7028343666961914,0.7392542779431607,0.6906665358771886,0.7239357246211255,0.6761656819492727,0.7075890400909658,0.6368682863528224,0.7049313158341027,0.6180575569187698,0.6864694642983511,0.5994897959183674,0.6885572475267583,0.6861716809274081,0.8092471556523844,0.8004597701149423,0.7368256937948239,0.739766081871345,0.7586666666666666,-0.850065563232702,-0.025320726367196615,-0.6145295021738606,-0.12635504347313137,-0.7911920652315017,-0.6644179763968634,-0.025320726367196615,CHHATTISGARH,0.6000307018042831,0.22537397409170906,0.5126394331475242,0.48276155127722326,0.3766838812688056,0.7410290718890646,0.4844246662428482,-0.27401751071746117,0.2913692407527579,0.0,-0.017010775628008706,0.28922439313203085,0.8476821192052979,0.0205237084217976,0.0,3.6596904490946103,0.7804878048780488,-0.5549597855227881,0.20712328767123286,-0.00019209991070579828,13.39333418319431,True,False,False,False,False,False,1
0.7714285714285715,0.3546024391905703,0.31041055404450346,0.36643941994866513,0.3885461884091082,0.33145743370695435,0.31951729450170563,0.31377694470477974,0.31562682545365467,0.30389613954190514,0.3252777581204444,0.29628279883381925,0.3174865786541513,0.45983991167540683,0.7990801258775115,0.6928735632183907,0.5678203928905519,0.626055880441845,0.5766666666666667,-0.5280550874352189,0.20043603021509943,0.008317941285514946,-0.7018620749318821,-0.4143036414057145,-0.38778899631093433,0.20043603021509943,TELANGANA,0.19359889315868772,0.22179570172738122,0.23206217939957097,0.14606048439681912,0.20705328499786824,0.5887361634837611,0.7434837889383346,-0.8132219631646705,-0.3549643088903309,0.0,0.0,0.5029603315571345,0.7448588358313,0.07572540693559804,0.5017809439002671,0.0,-0.11902439024390232,0.5549597855227884,0.285296803652968,0.0011558477742404066,0.0,False,False,False,False,True,False,1
